,Random,Random,Greedy,Greedy,Greedy,Branch and Bound,Branch and Bound,Branch and Bound,Genetic,Genetic,Genetic
Num Cities,Time (sec),Path Length,Time (sec),Path Length,% of Random,Time (sec),Path Length,% of Greedy,Time (sec),Path Length,% of Greedy
15,0.0006151676177978515,20324.6,0.0030865192413330076,11096.0,54.59394034814954,0.9617268562316894,8790.4,79.22134102379236,600.033327960968,10072.0,90.77144917087239
30,0.10565047264099121,38062.4,0.023694944381713868,16974.6,44.59676741351044,600.0006814002991,14021.4,82.60224099536956,600.0276379585266,16282.6,95.9233207262616
