,Random,Random,Greedy,Greedy,Greedy,Branch and Bound,Branch and Bound,Branch and Bound,Genetic,Genetic,Genetic
Num Cities,Time (sec),Path Length,Time (sec),Path Length,% of Random,Time (sec),Path Length,% of Greedy,Time (sec),Path Length,% of Greedy
100,1,1,0.8688710689544678,35896.8,3589680.0000000005,1,1,0.002785763633527222,600.1292214393616,34435.0,95.9277707205099
200,1,1,7.345564651489258,55965.8,5596580.0,1,1,0.001786805513367092,600.2322568893433,55147.0,98.53696364565502
60,41.68736996650696,83203.4,0.2015822410583496,25779.2,30.983349238132096,1,1,0.0038790963257199604,600.0858809947968,25147.0,97.54763530287984
500,1,1,112.47156772613525,99567.8,9956780.0,1,1,0.0010043407607680395,600.4018778800964,99118.0,99.54824752580653
1000,1,1,600.0006034374237,158628.0,15862800.0,1,1,0.0006304057291272663,600.3664116859436,158575.0,99.96658849635625
15,0.0007128238677978516,19887.2,0.0035315990447998048,10302.6,51.8051812220926,9.246386671066285,8922.4,86.60338167064624,320.2320920944214,10009.4,97.15411643662763
750,1,1,272.1506762981415,128744.0,12874400.0,1,1,0.0007767352264959921,600.2222084999084,129337.0,100.46060398931212
30,0.03783316612243652,41710.8,0.024451828002929686,16421.6,39.37013914861378,600.0002076625824,16061.0,97.80411165781653,326.11367111206056,16112.2,98.11589613679546
