,Random,Random,Greedy,Greedy,Greedy,Branch and Bound,Branch and Bound,Branch and Bound,Genetic,Genetic,Genetic
Num Cities,Time (sec),Path Length,Time (sec),Path Length,% of Random,Time (sec),Path Length,% of Greedy,Time (sec),Path Length,% of Greedy
10,0.0001895427703857422,12775.0,0.0009969234466552734,9849.0,77.0958904109589,0.0627523422241211,7713.8,78.32064168951163,5.031690549850464,7478.6,75.93258198801908
11,0.0005188465118408203,15215.6,0.0012897491455078126,8192.6,53.84342385446516,0.06274466514587403,8796.0,107.36518321412005,5.039951801300049,8151.0,99.49222469057442
12,0.0005039691925048829,15783.4,0.0017198562622070313,9375.4,59.400382680537774,0.19647021293640138,8387.6,89.46391620624188,5.038865852355957,8377.6,89.35725409049215
13,0.0009076595306396484,18421.2,0.0019989013671875,11691.6,63.46817796886196,0.4195103645324707,8738.2,74.73912894727839,5.040664386749268,8740.8,74.76136713537925
14,0.0008363723754882812,18303.8,0.002628946304321289,9553.4,52.19353358319038,0.7650966167449951,9162.6,95.90930977453054,5.0178961753845215,10337.6,108.20859589256182
15,0.0003779888153076172,21761.2,0.0030588626861572264,10754.2,49.419149679245635,2.5589290618896485,9318.8,86.6526566364769,5.015692138671875,10638.0,98.91949191943613
